dataset_step,sim_t_sec,replan_count,chunk_phase,raw_dx,raw_dy,raw_dz,raw_gripper,target_gripper,filtered_gripper,current_z,target_z,target_filtered_z,pos_err_mm,rot_err_deg
9,0.0,1,0.0,0.0016246612649410963,0.0019813228864222765,-0.0015508810756728053,6.2573933601379395,0.9740153564803898,0.9740153564803898,-0.4068860709667206,-0.4068860709667206,-0.4068860709667206,2.995077078233977,157.5602174595151
10,0.05,1,0.5,0.0011246611538808793,0.0015127200167626143,-0.0011893942719325423,6.2523109912872314,0.968173553203714,0.968173553203714,-0.4064177870750427,-0.4064177870750427,-0.4064177870750427,0.7358196179795772,78.24074697459713
11,0.1,1,1.0,0.0006246610428206623,0.001044117147102952,-0.0008279074681922793,6.247228622436523,0.9623317499270382,0.9623317499270382,-0.4059494733810425,-0.4059494733810425,-0.4059494733810425,0.7358360670057156,7.70243899918258
12,0.15000000000000002,1,1.5000000000000002,0.000939127668971196,0.0014586360775865617,-0.0011127563775517049,6.238384962081909,0.952166623082654,0.952166623082654,-0.40686681866645813,-0.40686681866645813,-0.40686681866645813,1.3260171393201752,68.3847746504211
13,0.2,1,2.0,0.0012535942951217294,0.0018731550080701709,-0.00139760528691113,6.229541301727295,0.9420014962382698,0.9420014962382698,-0.4077841639518738,-0.4077841639518738,-0.4077841639518738,1.326021860126697,130.18453183936936
14,0.25,1,2.5,0.0013217744417488575,0.0023563457070849836,-0.0016130044823512435,6.212101459503174,0.9219557005783604,0.9219557005783604,-0.406549334526062,-0.406549334526062,-0.406549334526062,1.8260157853362498,134.75921912380477
15,0.30000000000000004,1,3.0000000000000004,0.0013899545883759856,0.0028395364060997967,-0.0018284036777913573,6.194661617279053,0.9019099049184511,0.9019099049184511,-0.40531447529792786,-0.40531447529792786,-0.40531447529792786,1.8261237024316628,139.31589611852846
16,0.35000000000000003,1,3.5,0.001348165504168719,0.0031317862449213862,-0.0020630491198971868,6.168914556503296,0.8723155821876961,0.8723155821876961,-0.4040240943431854,-0.4040240943431854,-0.4040240943431854,2.1627023643494803,61.217004279180294
17,0.4,1,4.0,0.0013063764199614525,0.003424036083742976,-0.0022976945620030165,6.143167495727539,0.8427212594569412,0.8427212594569412,-0.402733713388443,-0.402733713388443,-0.402733713388443,2.162679585457443,24.16061307321112
18,0.45,1,4.5,0.0014327109674923122,0.004368921858258545,-0.0029183299047872424,6.1134467124938965,0.8085594396481566,0.8085594396481566,-0.404071569442749,-0.404071569442749,-0.404071569442749,3.2859749025787544,57.55938757924355
19,0.5,1,5.0,0.001559045515023172,0.005313807632774115,-0.0035389652475714684,6.083725929260254,0.774397619839372,0.774397619839372,-0.40540942549705505,-0.40540942549705505,-0.40540942549705505,3.2859924543256605,94.09897159375396
20,0.55,1,5.5,0.0012547314981929958,0.004871592856943607,-0.0033153563272207975,6.0584728717803955,0.7453711169889601,0.7453711169889601,-0.40792006254196167,-0.40792006254196167,-0.40792006254196167,2.7422872056976653,129.576367227915
21,0.6000000000000001,1,6.000000000000001,0.0009504174813628193,0.004429378081113098,-0.003091747406870126,6.033219814300537,0.7163446141385481,0.7163446141385481,-0.4104307293891907,-0.4104307293891907,-0.4104307293891907,2.7422999470377034,165.21671296570125
22,0.65,1,6.5,0.0008078353712335229,0.0037134625017642975,-0.002558431006036699,6.008514642715454,0.6879478651901769,0.6879478651901769,-0.4101424217224121,-0.4101424217224121,-0.4101424217224121,1.8390472783878926,125.10995356915153
23,0.7000000000000001,1,7.0,0.0006652532611042261,0.002997546922415495,-0.002025114605203271,5.983809471130371,0.6595511162418056,0.6595511162418056,-0.40985414385795593,-0.40985414385795593,-0.40985414385795593,1.8389845928050839,41.50748171091356
24,0.75,1,7.5,0.00046855671098455787,0.0024003895232453942,-0.0016045537195168436,5.960433483123779,0.6326821645100908,0.6326821645100908,-0.4096858501434326,-0.4096858501434326,-0.4096858501434326,1.087111946376568,110.53028086318729
25,0.8,1,8.0,0.0002718601608648896,0.0018032321240752935,-0.0011839928338304162,5.9370574951171875,0.6058132127783762,0.6058132127783762,-0.4095175564289093,-0.4095175564289093,-0.4095175564289093,1.087111946376568,179.4697087034533
26,0.8500000000000001,1,8.5,0.000277368220849894,0.0021241119829937816,-0.0014245642814785242,5.918091535568237,0.5840132592738357,0.5840132592738357,-0.4091922640800476,-0.4091922640800476,-0.4091922640800476,1.4858277534269473,114.8868240558045
27,0.9,1,9.0,0.00028287628083489835,0.0024449918419122696,-0.0016651357291266322,5.899125576019287,0.5622133057692953,0.5622133057692953,-0.4088669419288635,-0.4088669419288635,-0.4088669419288635,1.4857314701098903,35.355395098564344
28,0.9500000000000001,1,9.5,0.0002328342670807615,0.002060831116978079,-0.0015526050119660795,5.881308555603027,0.5417339719575025,0.5417339719575025,-0.4097537696361542,-0.4097537696361542,-0.4097537696361542,1.1088458825958256,53.69243307394994
29,1.0,1,10.0,0.00018279225332662463,0.0016766703920438886,-0.0014400742948055267,5.863491535186768,0.5212546381457096,0.5212546381457096,-0.4106405973434448,-0.4106405973434448,-0.4106405973434448,1.1088738961910036,128.0413056433455
30,1.05,1,10.5,7.381012255791575e-05,0.001835326838772744,-0.0015462308656424284,5.851361513137817,0.5073120840664566,0.5073120840664566,-0.4094960689544678,-0.4094960689544678,-0.4094960689544678,1.2949350017900398,173.16658477942497
31,1.1,1,11.0,-3.517200821079314e-05,0.0019939832855015993,-0.00165238743647933,5.839231491088867,0.49336952998720346,0.49336952998720346,-0.4083515405654907,-0.4083515405654907,-0.4083515405654907,1.2948841519110212,142.03713630235492
32,1.1500000000000001,1,11.5,3.2843985536601394e-05,0.0015079478616826236,-0.001319826696999371,5.822794437408447,0.4744763648372955,0.4744763648372955,-0.40866613388061523,-0.40866613388061523,-0.40866613388061523,0.7122222155224686,57.683880095831164
33,1.2000000000000002,1,12.000000000000002,0.00010085997928399533,0.0010219124378636477,-0.000987265957519411,5.8063573837280265,0.45558319968738753,0.45558319968738753,-0.40898072719573975,-0.40898072719573975,-0.40898072719573975,0.7122222155224686,28.891104224074606
34,1.25,1,12.5,-6.701367965433747e-05,0.0009582100028637797,-0.0006898775463923812,5.777856349945068,0.4228233907414577,0.4228233907414577,-0.40875905752182007,-0.40875905752182007,-0.40875905752182007,0.5022853991222105,14.117163391071067
35,1.3,1,13.0,-0.00023488733859267086,0.0008945075678639114,-0.00039248913526535034,5.749355316162109,0.3900635817955278,0.3900635817955278,-0.408537358045578,-0.408537358045578,-0.408537358045578,0.5023494357504869,4.696532777999758
36,1.35,1,13.5,0.0005211868628975935,0.0016790463996585459,-0.0006165497470647097,5.693429946899414,0.32578154816024585,0.32578154816024585,-0.40862423181533813,-0.40862423181533813,-0.40862423181533813,1.4497959333444135,4.753900081583844
37,1.4000000000000001,1,14.0,0.001277261064387858,0.0024635852314531803,-0.000840610358864069,5.637504577636719,0.2614995145249639,0.2614995145249639,-0.40871110558509827,-0.40871110558509827,-0.40871110558509827,1.4497108142231148,4.753903732493205
38,1.4500000000000002,1,14.500000000000002,0.00023911753669380773,0.0011539346232893831,-0.00037501350379898045,5.637625455856323,0.2616384550072679,0.2616384550072679,-0.4085334539413452,-0.4085334539413452,-0.4085334539413452,0.4095661689853821,21.519734489525206
39,1.5,1,15.0,-0.0007990259910002351,-0.00015571598487440497,9.058335126610473e-05,5.637746334075928,0.2617773954895719,0.2617773954895719,-0.40835583209991455,-0.40835583209991455,-0.40835583209991455,0.4095532429396956,36.41370521718205
40,1.55,1,15.0,-0.0007990259910002351,-0.00015571598487440497,9.058335126610473e-05,5.637746334075928,0.2617773954895719,0.2617773954895719,-0.40835583209991455,-0.40835583209991455,-0.40835583209991455,0.0,30.39926048945367
41,1.6,2,0.0,0.0015575780998915434,0.00044616914237849414,-0.0008872518083080649,6.2626190185546875,0.9800218604076865,0.9800218604076865,-0.4038431644439697,-0.4038431644439697,-0.4038431644439697,17.187857909458888,126.38469424943489
42,1.6500000000000001,2,0.5000000000000004,0.0014379897620528936,0.000524672490428202,-0.0009967680671252312,6.2594215869903564,0.9763466517130531,0.9763466517130531,-0.40360572934150696,-0.40360572934150696,-0.40360572934150696,3.2439496966241124,178.4024194312577
43,1.7000000000000002,2,1.0000000000000009,0.0013184014242142432,0.0006031758384779101,-0.0011062843259423973,6.256224155426025,0.9726714430184197,0.9726714430184197,-0.4033682942390442,-0.4033682942390442,-0.4033682942390442,0.9118559054711796,109.44152343658973
44,1.75,2,1.4999999999999991,0.000959236669586972,0.000924219843000173,-0.0012382169952616093,6.251667499542236,0.9674339075198116,0.9674339075198116,-0.4037743806838989,-0.4037743806838989,-0.4037743806838989,0.9731277775245958,132.53548589427203
45,1.8,2,1.9999999999999996,0.0006000719149596992,0.0012452638475224371,-0.0013701496645808218,6.247110843658447,0.9621963720212034,0.9621963720212034,-0.4041804373264313,-0.4041804373264313,-0.4041804373264313,0.9731153413855131,155.41339818151147
46,1.85,2,2.5,0.00044000391790177673,0.0011570085189305246,-0.0012957433355040848,6.232436418533325,0.9453292167049712,0.9453292167049712,-0.4037458300590515,-0.4037458300590515,-0.4037458300590515,0.8234233412415709,143.9755066231274
47,1.9000000000000001,2,3.0000000000000004,0.00027993592084385444,0.001068753190338612,-0.0012213370064273479,6.217761993408203,0.928462061388739,0.928462061388739,-0.40331122279167175,-0.40331122279167175,-0.40331122279167175,0.8234233412415709,69.622289472661
48,1.9500000000000002,2,3.500000000000001,0.00012475719449867002,0.0015689785359427342,-0.0014906217693351214,6.197307109832764,0.9049507009571993,0.9049507009571993,-0.4031035304069519,-0.4031035304069519,-0.4031035304069519,1.3582471845032025,25.439207439856997
49,2.0,2,3.999999999999999,-3.0421531846513697e-05,0.002069203881546854,-0.0017599065322428937,6.176852226257324,0.8814393405256598,0.8814393405256598,-0.40289586782455444,-0.40289586782455444,-0.40289586782455444,1.3582589336729536,29.35459345006264
50,2.0500000000000003,2,4.500000000000002,-6.358865175570838e-05,0.0018689869903028003,-0.0016824642661958929,6.1561219692230225,0.857611458877037,0.857611458877037,-0.4038957953453064,-0.4038957953453064,-0.4038957953453064,1.158682304019702,89.12805671944949
51,2.1,2,5.0,-9.675577166490257e-05,0.0016687700990587473,-0.0016050220001488924,6.135391712188721,0.8337835772284143,0.8337835772284143,-0.40489575266838074,-0.40489575266838074,-0.40489575266838074,1.1586519428175523,148.27893906981907
52,2.15,2,5.499999999999998,-0.0002947856410173692,0.001407202042173595,-0.00134839618112892,6.109557628631592,0.8040892283121742,0.8040892283121742,-0.404469758272171,-0.404469758272171,-0.404469758272171,0.8287430431166485,152.5607040705957
53,2.2,2,6.000000000000001,-0.0004928155103698373,0.0011456339852884416,-0.0010917703621089463,6.083723545074463,0.7743948793959341,0.7743948793959341,-0.4040437638759613,-0.4040437638759613,-0.4040437638759613,0.828750596547144,79.51277636837574
54,2.25,2,6.499999999999999,-0.0005163215391803533,0.0014332493883557613,-0.0012582500930875535,6.064776659011841,0.7526168494388973,0.7526168494388973,-0.4035263657569885,-0.4035263657569885,-0.4035263657569885,1.1491475016185253,12.830515234564503
55,2.3000000000000003,2,7.000000000000002,-0.0005398275679908705,0.0017208647914230843,-0.0014247298240661621,6.045829772949219,0.7308388194818604,0.7308388194818604,-0.40300896763801575,-0.40300896763801575,-0.40300896763801575,1.149174453941525,83.43647578587041
56,2.35,2,7.5,-0.0008821865485515445,0.002288454561494291,-0.0014278570306487381,6.026200532913208,0.7082764746128826,0.7082764746128826,-0.4040314257144928,-0.4040314257144928,-0.4040314257144928,1.7105064470275253,101.73166474623996
57,2.4000000000000004,2,8.000000000000002,-0.0012245455291122183,0.0028560443315655006,-0.0014309842372313144,6.006571292877197,0.6857141297439047,0.6857141297439047,-0.40505388379096985,-0.40505388379096985,-0.40505388379096985,1.710572531584204,119.98594964820816
58,2.45,2,8.5,-0.000812779413536191,0.0032250043004751205,-0.001503074134234339,5.98067045211792,0.6559430484114019,0.6559430484114019,-0.40538811683654785,-0.40538811683654785,-0.40538811683654785,1.972214302761068,40.24802465727758
59,2.5,2,8.999999999999998,-0.0004010132979601636,0.0035939642693847405,-0.0015751640312373636,5.954769611358643,0.6261719670788993,0.6261719670788993,-0.40572237968444824,-0.40572237968444824,-0.40572237968444824,1.9721606142814267,45.13897293397419
60,2.5500000000000003,2,9.500000000000002,-0.0002855946004274297,0.0041077517671510595,-0.0019612669711932553,5.937605142593384,0.6064426926360731,0.6064426926360731,-0.40648922324180603,-0.40648922324180603,-0.40648922324180603,2.593106119951193,107.71403592873993
61,2.6,2,10.0,-0.00017017590289469808,0.004621539264917374,-0.002347369911149144,5.920440673828125,0.5867134181932468,0.5867134181932468,-0.4072560667991638,-0.4072560667991638,-0.4072560667991638,2.593093673601766,171.98780521094233
62,2.6500000000000004,2,10.500000000000002,-7.097967409208615e-05,0.0035558989038690886,-0.0018305352423340065,5.8996803760528564,0.562851006957306,0.562851006957306,-0.4061692953109741,-0.4061692953109741,-0.4061692953109741,1.4077828548826803,121.64011076802953
63,2.7,2,11.0,2.8216554710525088e-05,0.0024902585428208113,-0.0013137005735188723,5.878920078277588,0.5389885957213651,0.5389885957213651,-0.40508249402046204,-0.40508249402046204,-0.40508249402046204,1.4078333797544844,42.08112467387818
64,2.75,2,11.499999999999998,0.00043768478553829335,0.0026743700727820388,-0.0018057650886476023,5.8570122718811035,0.5138072090587394,0.5138072090587394,-0.4068983793258667,-0.4068983793258667,-0.4068983793258667,1.882017974756782,41.34942630943449
65,2.8000000000000003,2,12.000000000000002,0.000847153016366063,0.0028584816027432654,-0.0022978296037763353,5.835104465484619,0.48862582239611374,0.48862582239611374,-0.40871426463127136,-0.40871426463127136,-0.40871426463127136,1.8820191290941886,107.7874368883826
66,2.85,2,12.5,0.0004146728015257395,0.0021416042000055313,-0.002069605456199497,5.812486886978149,0.4626286057220106,0.4626286057220106,-0.40812158584594727,-0.40812158584594727,-0.40812158584594727,1.1641094639185061,88.65994171750947
67,2.9000000000000004,2,13.000000000000002,-1.780741331458702e-05,0.0014247267972677927,-0.0018413813086226574,5.789869308471679,0.4366313890479075,0.4366313890479075,-0.4075288772583008,-0.4075288772583008,-0.4075288772583008,1.1641177707043737,69.61971516256072
68,2.95,2,13.5,-0.00042426979143783683,0.0009107102523557842,-0.001570645661558956,5.746761798858643,0.3870825274237269,0.3870825274237269,-0.40748539566993713,-0.40748539566993713,-0.40748539566993713,0.7964181517005652,38.075422409517735
69,3.0,2,13.999999999999998,-0.0008307321695610866,0.0003966937074437756,-0.0012999100144952544,5.703654289245606,0.3375336657995463,0.3375336657995463,-0.4074419140815735,-0.4074419140815735,-0.4074419140815735,0.7963363263154277,8.197719481666253
70,3.0500000000000003,2,14.500000000000002,-8.700910257172637e-06,0.0004042161162942648,-0.0004602173139573977,5.681331157684326,0.31187489389002987,0.31187489389002987,-0.4074059724807739,-0.4074059724807739,-0.4074059724807739,0.49376090917668963,32.780045458068294
71,3.1,2,15.0,0.000813330349046737,0.00041173852514475584,0.0003794753865804523,5.659008026123047,0.28621612198051344,0.28621612198051344,-0.40737006068229675,-0.40737006068229675,-0.40737006068229675,0.49373023594098847,60.654989461387366
72,3.1500000000000004,2,15.0,0.000813330349046737,0.00041173852514475584,0.0003794753865804523,5.659008026123047,0.28621612198051344,0.28621612198051344,-0.40737006068229675,-0.40737006068229675,-0.40737006068229675,0.0,54.488096588593486
73,3.2,3,0.0,-4.626424561138265e-05,0.0014092994388192892,-0.0011029926827177405,5.861729145050049,0.5192289023563778,0.5192289023563778,-0.4173700511455536,-0.46934130787849426,-0.46934130787849426,109.01162286664797,110.36028605156852
74,3.25,3,0.4999999999999982,0.0002016029557125867,0.0014607829507440326,-0.0012184206862002607,5.845909595489502,0.5010455120568986,0.5010455120568986,-0.4273700714111328,-0.4697650074958801,-0.4697650074958801,95.56310168206359,30.32732881169987
75,3.3000000000000003,3,1.0000000000000009,0.0004494701570365577,0.0015122664626687765,-0.0013338486896827817,5.830090045928955,0.4828621217574194,0.4828621217574194,-0.43737006187438965,-0.470188707113266,-0.470188707113266,82.1861124316265,61.217617060099926
76,3.35,3,1.4999999999999991,0.00039106595795601617,0.0015029573696665466,-0.0013009123504161835,5.817531108856201,0.46842656190367926,0.46842656190367926,-0.4473700523376465,-0.4702903926372528,-0.4702903926372528,68.4621058697358,72.06555857457253
77,3.4000000000000004,3,2.0000000000000018,0.00033266175887547385,0.0014936482766643151,-0.001267976011149584,5.804972171783447,0.45399100204993914,0.45399100204993914,-0.4573700726032257,-0.4703920781612396,-0.4703920781612396,54.958305191146664,83.30974557639436
78,3.45,3,2.5,0.00019731280553969555,0.0010294017847627401,-0.0008592079393565655,5.780727863311768,0.4261239808181234,0.4261239808181234,-0.46737006306648254,-0.4702209234237671,-0.4702209234237671,41.98677253811658,44.72955517881517
79,3.5,3,2.9999999999999982,6.196385220391725e-05,0.0005651552928611652,-0.00045043986756354717,5.756483554840088,0.3982569595863077,0.3982569595863077,-0.47004979848861694,-0.47004979848861694,-0.47004979848861694,30.16774019801407,6.22076571688992
80,3.5500000000000003,3,3.500000000000001,-0.0001846803243097388,0.000282404057330154,-8.992476796265626e-05,5.729201078414917,0.36689779128151356,0.36689779128151356,-0.46982088685035706,-0.46982088685035706,-0.46982088685035706,19.954708083427107,12.371136436540908
81,3.6,3,3.999999999999999,-0.00043132450082339303,-3.4717820085411197e-07,0.0002705903316382313,5.701918601989746,0.33553862297671944,0.33553862297671944,-0.46959197521209717,-0.46959197521209717,-0.46959197521209717,9.862566545893753,18.036493622414177
82,3.6500000000000004,3,4.500000000000002,-0.00034803517337422785,-9.419647470565485e-05,-0.00028975932218600265,5.6658244132995605,0.2940510497696096,0.2940510497696096,-0.46985265612602234,-0.46985265612602234,-0.46985265612602234,0.45501730722881595,54.67233959779859
83,3.7,3,5.0,-0.0002647458459250629,-0.0001880457712104544,-0.0008501089760102332,5.629730224609375,0.25256347656249983,0.25256347656249983,-0.4701133370399475,-0.4701133370399475,-0.4701133370399475,0.45494326702959115,112.89631401312008
84,3.75,3,5.499999999999998,-0.000304475935990922,-0.0003804603111348108,0.00017074597417376567,5.63034200668335,0.2532666743486775,0.2532666743486775,-0.47047269344329834,-0.47047269344329834,-0.47047269344329834,0.6830972963037485,96.9255329413877
85,3.8000000000000003,3,6.000000000000001,-0.0003442060260567814,-0.0005728748510591689,0.001191600924357773,5.630953788757324,0.2539698721348552,0.2539698721348552,-0.47083204984664917,-0.47083204984664917,-0.47083204984664917,0.6830972963037485,81.0645601983595
86,3.85,3,6.499999999999999,-0.0003509122325340286,-0.0007843735220376398,0.0018481751903891553,5.631155490875244,0.25420171364970573,0.25420171364970573,-0.47137632966041565,-0.47137632966041565,-0.47137632966041565,1.3595102751637744,73.15440868093454
87,3.9000000000000004,3,7.000000000000002,-0.00035761843901127566,-0.000995872193016111,0.0025047494564205412,5.631357192993164,0.2544335551645562,0.2544335551645562,-0.47192060947418213,-0.47192060947418213,-0.47192060947418213,1.359536140672938,65.49631548577683
88,3.95,3,7.5,-0.0003265815321356058,-0.0007685581804253161,0.00264428264927119,5.630102634429932,0.25299153382750744,0.25299153382750744,-0.47229158878326416,-0.47229158878326416,-0.47229158878326416,1.4256397741827849,55.493702680474335
89,4.0,3,7.999999999999998,-0.00029554462525993596,-0.0005412441678345211,0.002783815842121839,5.628848075866699,0.2515495124904587,0.2515495124904587,-0.4726625382900238,-0.4726625382900238,-0.4726625382900238,1.4255745956351413,45.5905008595584
90,4.05,3,8.499999999999996,-0.00021866893803235198,-0.0003258585638832316,0.0029311307007446876,5.629317760467529,0.2520893798477346,0.2520893798477346,-0.4727769196033478,-0.4727769196033478,-0.4727769196033478,1.5417936597862048,41.96605537944093
91,4.1000000000000005,3,9.000000000000004,-0.00014179325080476682,-0.0001104729599319378,0.003078445559367548,5.629787445068359,0.25262924720501057,0.25262924720501057,-0.47289130091667175,-0.47289130091667175,-0.47289130091667175,1.5417936597862048,38.35420511412511
92,4.15,3,9.500000000000002,-0.00011692193584167389,0.0001782241452019672,0.004517233581282204,5.628317832946777,0.2509400378698588,0.2509400378698588,-0.4731380045413971,-0.4731380045413971,-0.4731380045413971,2.987413174811423,36.07265570393095
93,4.2,3,10.0,-9.205062087858096e-05,0.0004669212503358722,0.005956021603196859,5.626848220825195,0.24925082853470706,0.24925082853470706,-0.47338470816612244,-0.47338470816612244,-0.47338470816612244,2.9873917091792737,33.80564475801275
94,4.25,3,10.499999999999998,-2.377985765633663e-05,0.001037531765177844,0.006081650732085109,5.627122402191162,0.2495659795300712,0.2495659795300712,-0.4736245572566986,-0.4736245572566986,-0.4736245572566986,3.206092056337023,35.76961216407109
95,4.3,3,10.999999999999996,4.44909055659077e-05,0.0016081422800198158,0.006207279860973357,5.627396583557129,0.24988113052543534,0.24988113052543534,-0.4738644063472748,-0.4738644063472748,-0.4738644063472748,3.2060663679484795,37.733307559841606
96,4.3500000000000005,3,11.500000000000004,-7.355293382715984e-05,0.0019826230709441032,0.0057494221255183185,5.626953601837158,0.2493719561346644,0.2493719561346644,-0.4743318259716034,-0.4743318259716034,-0.4743318259716034,2.897885613168824,36.354034164143506
97,4.4,3,12.000000000000002,-0.0001915967732202261,0.0023571038618683906,0.005291564390063293,5.6265106201171875,0.24886278174389348,0.24886278174389348,-0.474799245595932,-0.474799245595932,-0.474799245595932,2.897885613168824,35.007677540595786
98,4.45,3,12.5,-0.00017192333325510845,0.0049783771391958,0.007234749384224415,5.6261210441589355,0.24841499328613262,0.24841499328613262,-0.4753792881965637,-0.4753792881965637,-0.4753792881965637,5.958190041829251,113.30929846359017
99,4.5,3,12.999999999999998,-0.0001522498932899908,0.007599650416523209,0.009177934378385537,5.625731468200684,0.24796720482837176,0.24796720482837176,-0.47595933079719543,-0.47595933079719543,-0.47595933079719543,5.9582699399196555,168.81472631447036
100,4.55,3,13.499999999999996,-0.00021772404579678504,0.0070789554156363045,0.0073150121606886526,5.626957178115845,0.24937606679982133,0.24937606679982133,-0.4766765832901001,-0.4766765832901001,-0.4766765832901001,4.266438974063063,98.91835572961742
101,4.6000000000000005,3,14.000000000000004,-0.0002831981983035821,0.006558260414749386,0.005452089942991726,5.628182888031005,0.2507849287712709,0.2507849287712709,-0.4773938059806824,-0.4773938059806824,-0.4773938059806824,4.266427843087073,28.964069525648064
102,4.65,3,14.500000000000002,-0.0005384034884627917,0.006880193017423154,0.004314081044867631,5.626455068588257,0.24879892941178927,0.24879892941178927,-0.47392207384109497,-0.47392207384109497,-0.47392207384109497,3.955511549341046,50.36747386047058
103,4.7,3,15.0,-0.0007936087786220014,0.007202125620096922,0.003176072146743536,5.624727249145508,0.24681293005230764,0.24681293005230764,-0.47045037150382996,-0.47045037150382996,-0.47045037150382996,3.9554282731393657,72.04643411782237
104,4.75,3,15.0,-0.0007936087786220014,0.007202125620096922,0.003176072146743536,5.624727249145508,0.24681293005230764,0.24681293005230764,-0.47045037150382996,-0.47045037150382996,-0.47045037150382996,0.0,65.10832419752757
105,4.800000000000001,4,0.0,0.00010905080125667155,0.00037464138586074114,0.003134749596938491,5.634601593017578,0.25816275059491717,0.25816275059491717,-0.4604503810405731,-0.4276010990142822,-0.4276010990142822,53.80005274294263,83.64464007981475
106,4.8500000000000005,4,0.4999999999999982,0.00026609664200805073,0.0009846736211329677,0.0047376927686855145,5.63211989402771,0.2553102230203561,0.2553102230203561,-0.4504503607749939,-0.42512136697769165,-0.42512136697769165,41.946494483955874,76.67368409507628
107,4.9,4,0.9999999999999964,0.00042314248275942987,0.0015947058564051942,0.006340635940432537,5.629638195037842,0.252457695445795,0.252457695445795,-0.44045037031173706,-0.42264166474342346,-0.42264166474342346,31.28741830733378,69.89960629693792
108,4.95,4,1.4999999999999947,1.2079064617869151e-05,0.0013743905001319967,0.004955991869792357,5.632211685180664,0.2554157300927171,0.2554157300927171,-0.4304503798484802,-0.42110633850097656,-0.42110633850097656,20.0617880070624,70.78304700574087
109,5.0,4,1.999999999999993,-0.00039898435352369563,0.0011540751438587934,0.0035713477991521554,5.634785175323486,0.25837376473963924,0.25837376473963924,-0.420450359582901,-0.41957104206085205,-0.41957104206085205,10.934535315475074,71.71820615767894
110,5.050000000000001,4,2.5,-0.00028942797507625073,0.0027119648875668645,0.00546288350597024,5.633063793182373,0.2563951645774401,0.2563951645774401,-0.417438268661499,-0.417438268661499,-0.417438268661499,4.755156092614508,79.51367817671185
111,5.1000000000000005,4,2.9999999999999982,-0.00017987159662880041,0.0042698546312749325,0.0073544192127883365,5.63134241104126,0.2544165644152409,0.2544165644152409,-0.415305495262146,-0.415305495262146,-0.415305495262146,4.25299411457983,87.16706084687162
112,5.15,4,3.4999999999999964,-5.8607216487872344e-05,0.003424425143748528,0.004789815866388399,5.630926847457886,0.2539389051240064,0.2539389051240064,-0.41568195819854736,-0.41568195819854736,-0.41568195819854736,1.7034085654980398,30.56936109012141
113,5.2,4,3.9999999999999947,6.265716365305577e-05,0.0025789956562221137,0.002225212519988445,5.630511283874512,0.2534612458327719,0.2534612458327719,-0.41605839133262634,-0.41605839133262634,-0.41605839133262634,1.703442561510718,94.716218152584
114,5.25,4,4.499999999999993,-0.0002800244874379083,0.003158510196954004,0.002257494488731026,5.6304333209991455,0.25337163333235097,0.25337163333235097,-0.414821982383728,-0.414821982383728,-0.414821982383728,2.213724991255298,49.203138704701566
115,5.300000000000001,4,5.0,-0.0006227061385288835,0.003738024737685919,0.0022897764574736357,5.630355358123779,0.25328202083193,0.25328202083193,-0.4135855436325073,-0.4135855436325073,-0.4135855436325073,2.2137863174363552,16.012084820677757
116,5.3500000000000005,4,5.499999999999998,-0.0006501711613964288,0.00417772540822625,0.0018329580198042112,5.631594896316528,0.2547067773753197,0.2547067773753197,-0.41179290413856506,-0.41179290413856506,-0.41179290413856506,2.4327191228872493,62.58770154953685
117,5.4,4,5.9999999999999964,-0.0006776361842639742,0.004617426078766581,0.0013761395821347865,5.632834434509277,0.2561315339187094,0.2561315339187094,-0.4100002646446228,-0.4100002646446228,-0.4100002646446228,2.4327065489145543,116.21485041011252
118,5.45,4,6.499999999999995,-0.000969928310951215,0.0064104816410690355,0.000868757910211576,5.631596326828003,0.25470842164138247,0.25470842164138247,-0.41322627663612366,-0.41322627663612366,-0.41322627663612366,4.1538234540135495,177.5052577538653
119,5.5,4,6.999999999999993,-0.0012622204376384575,0.008203537203371499,0.00036137623828836506,5.6303582191467285,0.2532853093640556,0.2532853093640556,-0.4164523184299469,-0.4164523184299469,-0.4164523184299469,4.153842359568295,96.66306164529067
120,5.550000000000001,4,7.5,-0.0015739247319288552,0.00941634364426136,-0.0010566409764578566,5.6304450035095215,0.2533850615051969,0.2533850615051969,-0.4115765392780304,-0.4115765392780304,-0.4115765392780304,5.537446955540869,17.846759992848778
121,5.6000000000000005,4,7.999999999999998,-0.0018856290262192477,0.01062915008515119,-0.0024746581912040663,5.6305317878723145,0.25348481364633824,0.25348481364633824,-0.4067007601261139,-0.4067007601261139,-0.4067007601261139,5.537384439339062,64.85018073687337
122,5.65,4,8.499999999999996,-0.0015020990394987192,0.008646347094327225,-0.0027073557721450908,5.632379770278931,0.25560893135509255,0.25560893135509255,-0.40865984559059143,-0.40865984559059143,-0.40865984559059143,3.6842173361908572,144.39886675528655
123,5.7,4,8.999999999999995,-0.0011185690527781885,0.006663544103503248,-0.0029400533530861113,5.634227752685547,0.2577330490638468,0.2577330490638468,-0.41061893105506897,-0.41061893105506897,-0.41061893105506897,3.6842502097252554,136.2404881686022
124,5.75,4,9.499999999999993,-0.000984404468908908,0.00644036405719817,-0.003601274336688211,5.634305000305176,0.2578218394312363,0.2578218394312363,-0.4079037010669708,-0.4079037010669708,-0.4079037010669708,3.792813958838583,143.41419601523373
125,5.800000000000001,4,10.0,-0.0008502398850396276,0.0062171840108931065,-0.004262495320290327,5.634382247924805,0.2579106297986259,0.2579106297986259,-0.4051884710788727,-0.4051884710788727,-0.4051884710788727,3.792813958838583,49.26235903957662
126,5.8500000000000005,4,10.499999999999998,-0.0006091116374591374,0.004393339040689176,-0.0033417228842154176,5.633626222610474,0.2570416351844523,0.2570416351844523,-0.40644899010658264,-0.40644899010658264,-0.40644899010658264,1.7746281675666769,44.352276616628636
127,5.9,4,10.999999999999996,-0.0003679833898786473,0.0025694940704852473,-0.0024209504481405085,5.632870197296143,0.2561726405702786,0.2561726405702786,-0.4077095091342926,-0.4077095091342926,-0.4077095091342926,1.774703867621627,117.89852455727996
128,5.95,4,11.499999999999995,-0.0005252455739537237,0.003401151741854838,-0.0036055183736607302,5.633373737335205,0.25675142222437347,0.25675142222437347,-0.40480536222457886,-0.40480536222457886,-0.40480536222457886,3.2142017316103932,23.13762457132726
129,6.0,4,11.999999999999993,-0.000682507758028803,0.0042328094132244466,-0.004790086299180968,5.633877277374268,0.2573302038784683,0.2573302038784683,-0.4019011855125427,-0.4019011855125427,-0.4019011855125427,3.2142274559779804,74.82581424125077
130,6.050000000000001,4,12.5,-0.0005421562236733735,0.0037983644288033247,-0.004883178509771824,5.633928537368774,0.2573891234123842,0.2573891234123842,-0.40438222885131836,-0.40438222885131836,-0.40438222885131836,3.009881868478919,156.50535607178335
131,6.1000000000000005,4,12.999999999999998,-0.00040180468931794215,0.003363919444382192,-0.004976270720362663,5.633979797363281,0.2574480429463001,0.2574480429463001,-0.406863272190094,-0.406863272190094,-0.406863272190094,3.00988784163352,122.05877856752387
132,6.15,4,13.499999999999996,-0.00040058874583337456,0.0026401059585623495,-0.00435618392657489,5.634615898132324,0.2581791932555449,0.2581791932555449,-0.40495234727859497,-0.40495234727859497,-0.40495234727859497,2.1088560201533144,29.06173674704335
133,6.2,4,13.999999999999995,-0.00039937280234880745,0.0019162924727425057,-0.003736097132787115,5.635251998901367,0.2589103435647897,0.2589103435647897,-0.40304142236709595,-0.40304142236709595,-0.40304142236709595,2.108818009580751,66.39512804239692
134,6.25,4,14.499999999999993,-0.00025521284260321615,0.0012722459214273931,-0.0027254627784714246,5.634938478469849,0.2585499752526994,0.2585499752526994,-0.40379899740219116,-0.40379899740219116,-0.40379899740219116,0.9147976644137988,23.463259412857838
135,6.300000000000001,4,15.0,-0.00011105288285762072,0.0006281993701122701,-0.0017148284241557121,5.63462495803833,0.2581896069406091,0.2581896069406091,-0.404556542634964,-0.404556542634964,-0.404556542634964,0.9147843498592573,95.37197033773731
136,6.3500000000000005,4,15.0,-0.00011105288285762072,0.0006281993701122701,-0.0017148284241557121,5.63462495803833,0.2581896069406091,0.2581896069406091,-0.404556542634964,-0.404556542634964,-0.404556542634964,0.0,88.06155715185547
137,6.4,4,15.0,-0.00011105288285762072,0.0006281993701122701,-0.0017148284241557121,5.63462495803833,0.2581896069406091,0.2581896069406091,-0.404556542634964,-0.404556542634964,-0.404556542634964,0.0,80.84389248617587
138,6.45,5,0.0,-0.0005707093514502048,0.004473472014069557,-0.004150930792093277,5.632856369018555,0.25615674599833854,0.25615674599833854,-0.39455655217170715,-0.35657432675361633,-0.35657432675361633,133.82797938836575,115.65412286451333
139,6.5,5,0.4999999999999982,-0.0003265666564402645,0.003139078326057647,-0.0032136567169800435,5.634024620056152,0.25749956328293355,0.25749956328293355,-0.38455653190612793,-0.3555290400981903,-0.3555290400981903,121.79778973536568,24.706047316698502
140,6.550000000000001,5,1.0000000000000053,-8.242396143032251e-05,0.0018046846380457386,-0.0022763826418668183,5.63519287109375,0.25884238056752856,0.25884238056752856,-0.3745565414428711,-0.3544837534427643,-0.3544837534427643,110.22739206344689,72.21699178372384
141,6.6000000000000005,5,1.5000000000000036,-9.447879347135321e-05,0.0027789485757239232,-0.0037168381968513235,5.633804082870483,0.25724607226492324,0.25724607226492324,-0.36455655097961426,-0.3566209673881531,-0.3566209673881531,96.17294726419465,145.52151355454583
142,6.65,5,2.0000000000000018,-0.00010653362551238419,0.003753212513402102,-0.005157293751835821,5.632415294647217,0.255649763962318,0.255649763962318,-0.35875821113586426,-0.35875821113586426,-0.35875821113586426,83.11648801239731,140.9591077401444
143,6.7,5,2.5,-0.00019356977281859145,0.003054681117646396,-0.004696134943515062,5.632565498352051,0.25582241189890875,0.25582241189890875,-0.35735106468200684,-0.35735106468200684,-0.35735106468200684,73.85887175503646,44.925964014425276
144,6.75,5,2.9999999999999982,-0.0002806059201247987,0.00235614972189069,-0.004234976135194303,5.632715702056885,0.2559950598354995,0.2559950598354995,-0.3559439182281494,-0.3559439182281494,-0.3559439182281494,64.79335154463958,52.06823928342803
145,6.800000000000001,5,3.5000000000000053,-0.00011301968515908632,0.0022201596293598396,-0.004299173830077053,5.633554220199585,0.2569588737926262,0.2569588737926262,-0.35735106468200684,-0.35735106468200684,-0.35735106468200684,53.742629955381325,38.61950754820751
146,6.8500000000000005,5,4.0000000000000036,5.456654980662225e-05,0.002084169536828994,-0.0043633715249598035,5.634392738342285,0.25792268774975285,0.25792268774975285,-0.35875824093818665,-0.35875824093818665,-0.35875824093818665,42.69819615928271,114.17227783501437
147,6.9,5,4.500000000000002,-2.0708388547064073e-05,0.0019566341652534898,-0.004494624212384224,5.63392186164856,0.2573814501707579,0.2573814501707579,-0.3568471670150757,-0.3568471670150757,-0.3568471670150757,33.89535171992033,171.22296934647534
148,6.95,5,5.0,-9.59833269007504e-05,0.0018290987936779857,-0.004625876899808645,5.633450984954834,0.256840212591763,0.256840212591763,-0.3549360930919647,-0.3549360930919647,-0.3549360930919647,25.10206072764994,82.44131371279818
149,7.0,5,5.499999999999998,-0.00018740903760772166,0.0016273095970973381,-0.0044439174234867105,5.634294271469116,0.2578095074357656,0.2578095074357656,-0.35681918263435364,-0.35681918263435364,-0.35681918263435364,13.921080695733878,153.48451670710162
150,7.050000000000001,5,6.000000000000005,-0.00027883474831469287,0.0014255204005166854,-0.004261957947164765,5.635137557983398,0.2587788022797681,0.2587788022797681,-0.35870227217674255,-0.35870227217674255,-0.35870227217674255,3.198511026948275,135.3965980880563
151,7.1000000000000005,5,6.5000000000000036,-0.00021314778132364105,0.0011030362511519319,-0.003413132973946625,5.635873317718506,0.2596245031247192,0.2596245031247192,-0.3576747179031372,-0.3576747179031372,-0.3576747179031372,1.3422464929286662,144.0873975240982
152,7.15,5,7.000000000000002,-0.00014746081433258932,0.0007805521017871787,-0.002564308000728485,5.636609077453613,0.26047020396967024,0.26047020396967024,-0.35664719343185425,-0.35664719343185425,-0.35664719343185425,1.3422236779538708,49.64070840218489
153,7.2,5,7.5,-9.332392801297829e-05,0.0005079702896182425,-0.001799692981876433,5.636410713195801,0.2602421990756329,0.2602421990756329,-0.3570660650730133,-0.3570660650730133,-0.3570660650730133,0.5311369636740799,45.06822634666856
154,7.25,5,7.999999999999998,-3.918704169336726e-05,0.00023538847744930633,-0.0010350779630243806,5.636212348937988,0.26001419418159555,0.26001419418159555,-0.35748493671417236,-0.35748493671417236,-0.35748493671417236,0.5310935744540372,123.57878652321946
155,7.300000000000001,5,8.500000000000005,3.2174139050771366e-06,0.00020564311853377116,-0.001191693416330965,5.636093616485596,0.25987772009838567,0.25987772009838567,-0.35690534114837646,-0.35690534114837646,-0.35690534114837646,0.6802358769605903,163.82983982051059
156,7.3500000000000005,5,9.000000000000004,4.562186950352035e-05,0.00017589775961823705,-0.0013483088696375509,5.635974884033203,0.2597412460151758,0.2597412460151758,-0.3563257157802582,-0.3563257157802582,-0.3563257157802582,0.6802678428094803,77.16914770847899
157,7.4,5,9.500000000000002,3.3802153666329064e-05,9.7107433248311e-05,-0.0016101965447887787,5.636796474456787,0.260685602823893,0.260685602823893,-0.35713258385658264,-0.35713258385658264,-0.35713258385658264,0.9361164822931624,18.24318395132087
158,7.45,5,10.0,2.198243782913778e-05,1.8317106878384948e-05,-0.0018720842199400067,5.637618064880371,0.26162995963261026,0.26162995963261026,-0.3579394519329071,-0.3579394519329071,-0.3579394519329071,0.9361369133247041,94.71826953093273
159,7.5,5,10.499999999999998,-0.000191081041521101,-7.937545888125863e-05,-0.0014858638169243945,5.6375815868377686,0.26158803084800963,0.26158803084800963,-0.35743448138237,-0.35743448138237,-0.35743448138237,0.5924317066326392,44.197951496711674
160,7.550000000000001,5,11.000000000000005,-0.00040414452087133727,-0.00017706802464090204,-0.0010996434139087772,5.637545108795166,0.261546102063409,0.261546102063409,-0.3569295108318329,-0.3569295108318329,-0.3569295108318329,0.5924060906090547,9.225253665870943
161,7.6000000000000005,5,11.500000000000004,-3.381619171704834e-05,-9.812476946535698e-05,-0.0008725323132239266,5.639957427978516,0.2643188827339258,0.2643188827339258,-0.35712042450904846,-0.35712042450904846,-0.35712042450904846,0.3640474387430631,68.57625765580899
162,7.65,5,12.000000000000002,0.00033651213743723924,-1.918151428981378e-05,-0.0006454212125390723,5.642369747161865,0.2670916634044426,0.2670916634044426,-0.35731133818626404,-0.35731133818626404,-0.35731133818626404,0.36408793117350735,128.20806999098306
163,7.7,5,12.5,0.00032466568518429995,-0.0004681358086600085,0.0006314995116554201,5.662605285644531,0.2903509030396909,0.2903509030396909,-0.35665929317474365,-0.35665929317474365,-0.35665929317474365,1.0701464139380523,124.4152765021314
164,7.75,5,12.999999999999998,0.00031281923293136066,-0.0009170901030302031,0.0019084202358499124,5.682840824127197,0.3136101426749392,0.3136101426749392,-0.3560072183609009,-0.3560072183609009,-0.3560072183609009,1.0701225187159125,120.67477794776238
165,7.800000000000001,5,13.500000000000005,0.000720474679837939,-0.001743868691846737,0.0030458947294391813,5.738931417465211,0.378082089040472,0.378082089040472,-0.35457777976989746,-0.35457777976989746,-0.35457777976989746,2.5189396026527957,57.91061698816706
166,7.8500000000000005,5,14.000000000000004,0.001128130126744505,-0.002570647280663249,0.004183369223028417,5.795022010803223,0.44255403540600285,0.44255403540600285,-0.35314831137657166,-0.35314831137657166,-0.35314831137657166,2.5189637833244323,19.435518727075646
167,7.9,5,14.500000000000002,0.0006003470152791105,-0.0021513984538614733,0.003532706876285372,5.8148627281188965,0.4653594576079268,0.4653594576079268,-0.3527644872665405,-0.3527644872665405,-0.3527644872665405,1.6815709838766593,11.525434222840344
168,7.95,5,15.0,7.256390381371602e-05,-0.001732149627059698,0.002882044529542327,5.83470344543457,0.48816487980985074,0.48816487980985074,-0.3523806631565094,-0.3523806631565094,-0.3523806631565094,1.6816637525628901,4.854277176190369
169,8.0,5,15.0,7.256390381371602e-05,-0.001732149627059698,0.002882044529542327,5.83470344543457,0.48816487980985074,0.48816487980985074,-0.3523806631565094,-0.3523806631565094,-0.3523806631565094,0.0,1.6247321759484126e-14
170,8.05,6,0.0,-6.687337008770555e-05,-0.0004096152260899544,0.00014950527111068368,5.6381306648254395,0.2622191549717693,0.2622191549717693,-0.36238065361976624,-0.47606799006462097,-0.47606799006462097,143.570094286143,105.38748496889161
171,8.1,6,0.49999999999998934,0.00035177075915270527,-0.0007471172721125113,0.0012025494652334375,5.661541700363159,0.28912839122202183,0.28912839122202183,-0.37238067388534546,-0.4757094979286194,-0.4757094979286194,129.6325370784578,42.556512855081614
172,8.15,6,0.9999999999999964,0.000770414888393131,-0.0010846193181350803,0.002255593659356229,5.684952735900879,0.31603762747227443,0.31603762747227443,-0.3823806643486023,-0.4753510355949402,-0.4753510355949402,116.10966339666768,27.183265531337366
173,8.200000000000001,6,1.5000000000000036,0.0006278830551309501,-0.0012571553234010948,0.0028510608244687362,5.719511270523071,0.3557600810610023,0.3557600810610023,-0.39238065481185913,-0.4750114679336548,-0.4750114679336548,102.8157075060446,28.88758871972989
174,8.25,6,1.999999999999993,0.00048535122186877034,-0.0014296913286671019,0.003446527989581219,5.754069805145263,0.39548253464972816,0.39548253464972816,-0.40238067507743835,-0.474671870470047,-0.474671870470047,89.64937931990661,31.219010744772426
175,8.3,6,2.5,0.0006748717423761263,-0.001805031264666468,0.00391667743679136,5.775634288787842,0.4202692974572892,0.4202692974572892,-0.4123806655406952,-0.47502872347831726,-0.47502872347831726,77.25996321626427,34.20238555493707
176,8.35,6,2.9999999999999893,0.0008643922628834804,-0.0021803712006658233,0.004386826884001483,5.797198772430419,0.44505606026484923,0.44505606026484923,-0.422380656003952,-0.4753855764865875,-0.4753855764865875,65.25956684720848,37.56400312577738
177,8.4,6,3.4999999999999964,0.0009671155130490654,-0.0035379604669287705,0.0059144685510545865,5.81154727935791,0.4615485969631149,0.4615485969631149,-0.43238067626953125,-0.4773377478122711,-0.4773377478122711,55.4689297195046,25.217258507915233
178,8.450000000000001,6,4.0000000000000036,0.0010698387632146493,-0.004895549733191735,0.007442110218107705,5.8258957862854,0.4780411336613795,0.4780411336613795,-0.4423806667327881,-0.4792899191379547,-0.4792899191379547,47.0828144282727,13.296580879203265
179,8.5,6,4.499999999999993,0.0012845301534980505,-0.005776498001068818,0.007955481763929122,5.83632493019104,0.4900286553919998,0.4900286553919998,-0.4523806571960449,-0.48128020763397217,-0.48128020763397217,39.22736043012215,5.996194777693971
180,8.55,6,5.0,0.0014992215437814593,-0.006657446268945932,0.008468853309750557,5.84675407409668,0.5020161771226201,0.5020161771226201,-0.46238067746162415,-0.483270525932312,-0.483270525932312,31.301675418400425,1.59380325852538
181,8.6,6,5.499999999999989,0.0016204109415411923,-0.008565915981307584,0.009324776474386436,5.849043130874634,0.504647276867395,0.504647276867395,-0.472380667924881,-0.4861353039741516,-0.4861353039741516,24.701685691701034,11.844036447351122
182,8.65,6,5.9999999999999964,0.0017416003393009296,-0.010474385693669307,0.010180699639022343,5.851332187652588,0.5072783766121698,0.5072783766121698,-0.4823806583881378,-0.4890001118183136,-0.4890001118183136,17.94706960852512,17.084756853408418
183,8.700000000000001,6,6.5000000000000036,0.0015093667898327095,-0.010731074493378403,0.009030054323375216,5.856823921203613,0.5135907140271415,0.5135907140271415,-0.49034416675567627,-0.49034416675567627,-0.49034416675567627,10.378931571735299,13.206768099113447
184,8.75,6,6.999999999999993,0.0012771332403644952,-0.010987763293087479,0.007879409007728117,5.862315654754639,0.5199030514421132,0.5199030514421132,-0.49168825149536133,-0.49168825149536133,-0.49168825149536133,6.790537149907669,9.390685380017596
185,8.8,6,7.5,0.0010363456967752427,-0.009471260476857424,0.005886358441784978,5.866013050079346,0.5241529311256845,0.5241529311256845,-0.49279001355171204,-0.49279001355171204,-0.49279001355171204,4.445994500925019,12.611925614838798
186,8.85,6,7.999999999999989,0.0007955581531859986,-0.007954757660627398,0.0038933078758418985,5.869710445404053,0.5284028108092558,0.5284028108092558,-0.49389177560806274,-0.49389177560806274,-0.49389177560806274,4.446052155508019,15.76670855690835
187,8.9,6,8.499999999999996,0.0008662664913572367,-0.007526733446866277,0.00330231175757945,5.8778932094573975,0.5378082867326406,0.5378082867326406,-0.49426519870758057,-0.49426519870758057,-0.49426519870758057,3.828168473099492,14.744412400325212
188,8.950000000000001,6,9.000000000000004,0.0009369748295284809,-0.007098709233105192,0.0027113156393170352,5.886075973510742,0.5472137626560253,0.5472137626560253,-0.4946386218070984,-0.4946386218070984,-0.4946386218070984,3.828225832828348,13.754896259158329
189,9.0,6,9.499999999999993,0.0009498681465629486,-0.008390134666115028,0.002666432410478593,5.8959126472473145,0.5585202841923153,0.5585202841923153,-0.494710773229599,-0.494710773229599,-0.494710773229599,5.038117675202904,18.884758064592713
190,9.05,6,10.0,0.0009627614635974169,-0.009681560099124908,0.002621549181640148,5.905749320983887,0.5698268057286052,0.5698268057286052,-0.4947829246520996,-0.4947829246520996,-0.4947829246520996,5.038117675202904,23.95550619516969
191,9.1,6,10.49999999999999,0.0009240207727998504,-0.010771658737212395,0.0022034610738046554,5.918464660644531,0.5844421386718748,0.5844421386718748,-0.4935690760612488,-0.4935690760612488,-0.4935690760612488,6.013884969377886,30.95263739265206
192,9.15,6,10.999999999999996,0.0008852800820022825,-0.011861757375299924,0.0017853729659691483,5.931180000305176,0.5990574716151443,0.5990574716151443,-0.49235519766807556,-0.49235519766807556,-0.49235519766807556,6.013998205472764,37.93185333761443
193,9.200000000000001,6,11.500000000000004,0.0005444460766739188,-0.010582663118839254,0.0011598425044212445,5.941967964172363,0.611457430083176,0.611457430083176,-0.4901643395423889,-0.4901643395423889,-0.4901643395423889,4.660485822753433,51.95989410542964
194,9.25,6,11.999999999999993,0.0002036120713455651,-0.009303568862378616,0.0005343120428733617,5.95275592803955,0.6238573885512075,0.6238573885512075,-0.48797348141670227,-0.48797348141670227,-0.48797348141670227,4.660559593515875,65.94822011115157
195,9.3,6,12.5,0.00032383675716118887,-0.011083416640758514,-9.307404980063438e-06,5.963319301605225,0.6359991972473844,0.6359991972473844,-0.48362597823143005,-0.48362597823143005,-0.48362597823143005,6.441331250377077,118.23591502461824
196,9.35,6,12.99999999999999,0.00044406144297681494,-0.012863264419138393,-0.000552926852833468,5.9738826751708975,0.6481410059435612,0.6481410059435612,-0.47927847504615784,-0.47927847504615784,-0.47927847504615784,6.4412436339209265,170.32096994401653
197,9.4,6,13.499999999999996,0.0003788316098507498,-0.010250590508803744,-0.0009128840465564255,5.983796834945679,0.6595365918915845,0.6595365918915845,-0.4798544645309448,-0.4798544645309448,-0.4798544645309448,3.8747052905420376,113.46778923165145
198,9.450000000000001,6,14.000000000000004,0.0003136017767246816,-0.007637916598469027,-0.001272841240279378,5.993710994720459,0.6709321778396078,0.6709321778396078,-0.4804304540157318,-0.4804304540157318,-0.4804304540157318,3.8747620017098683,23.774492358554156
199,9.5,6,14.499999999999993,0.0003663375246105708,-0.008753605419769868,-0.001483068917877969,6.007070064544678,0.6862874305111236,0.6862874305111236,-0.4807547926902771,-0.4807547926902771,-0.4807547926902771,5.01103874101006,44.62412735245874
200,9.55,6,15.0,0.00041907327249646187,-0.009869294241070747,-0.0016932965954765677,6.0204291343688965,0.7016426831826393,0.7016426831826393,-0.4810791015625,-0.4810791015625,-0.4810791015625,5.011074192506542,66.60778913805959
201,9.600000000000001,6,15.0,0.00041907327249646187,-0.009869294241070747,-0.0016932965954765677,6.0204291343688965,0.7016426831826393,0.7016426831826393,-0.4810791015625,-0.4810791015625,-0.4810791015625,0.0,59.53220694772595
202,9.65,6,15.0,0.00041907327249646187,-0.009869294241070747,-0.0016932965954765677,6.0204291343688965,0.7016426831826393,0.7016426831826393,-0.4810791015625,-0.4810791015625,-0.4810791015625,0.0,52.75257596473946
203,9.700000000000001,7,0.0,0.0005704437498934567,-0.004500135779380798,0.0013124303659424186,5.895887851715088,0.5584917835805605,0.5584917835805605,-0.47107911109924316,-0.3458690047264099,-0.3458690047264099,239.2205667022552,45.7570035499044
204,9.75,7,0.49999999999998934,0.0007526634726673326,-0.006319899577647409,0.0016435431898571481,5.90767502784729,0.5720402618934366,0.5720402618934366,-0.46107909083366394,-0.34341660141944885,-0.34341660141944885,222.04421304314204,29.779331775558678
205,9.8,7,0.9999999999999964,0.0009348831954412149,-0.008139663375914083,0.0019746560137718894,5.919462203979492,0.5855887402063126,0.5855887402063126,-0.4510791003704071,-0.3409641683101654,-0.3409641683101654,205.2115726333308,18.124444098590107
206,9.850000000000001,7,1.5000000000000036,0.000777246372308581,-0.00882915453985334,0.0017341050552204234,5.931628704071045,0.5995732230701664,0.5995732230701664,-0.44107910990715027,-0.33972644805908203,-0.33972644805908203,188.10659070593533,13.667205054024885
207,9.9,7,1.999999999999993,0.0006196095491759501,-0.009518645703792562,0.0014935540966689621,5.943795204162597,0.61355770593402,0.61355770593402,-0.43107908964157104,-0.33848869800567627,-0.33848869800567627,171.75862166787044,9.329466656147279
208,9.950000000000001,7,2.5,0.0003262139307480538,-0.009790991432964802,0.0008893402991816401,5.95706844329834,0.6288143026417697,0.6288143026417697,-0.4210790991783142,-0.3375120460987091,-0.3375120460987091,156.54284242068928,42.133718554028874
209,10.0,7,2.9999999999999893,3.2818312320166e-05,-0.010063337162137025,0.00028512650169433453,5.970341682434081,0.6440708993495183,0.6440708993495183,-0.4110791087150574,-0.33653539419174194,-0.33653539419174194,141.93597354523132,75.8197235167507
210,10.05,7,3.4999999999999964,0.00023188176601251912,-0.01096059009432792,7.229857146741911e-06,5.975826978683472,0.6503758375672086,0.6503758375672086,-0.40107908844947815,-0.3312244415283203,-0.3312244415283203,129.04771739521223,153.99544351135845
211,10.100000000000001,7,4.0000000000000036,0.0004309452197048815,-0.011857843026518804,-0.00027066678740084215,5.981312274932861,0.6566807757848978,0.6566807757848978,-0.3910790979862213,-0.3259134590625763,-0.3259134590625763,116.36480851186245,127.967871634173
212,10.15,7,4.499999999999993,0.00045520660933107105,-0.009288976434618271,-0.000336949568009003,5.986880779266357,0.6630813554785715,0.6630813554785715,-0.3810791075229645,-0.3290218412876129,-0.3290218412876129,101.32801581930478,165.02764613492866
213,10.200000000000001,7,5.0,0.00047946799895726144,-0.0067201098427176476,-0.0004032323486171663,5.9924492835998535,0.6694819351722452,0.6694819351722452,-0.37107908725738525,-0.3321302533149719,-0.3321302533149719,86.54683149885368,157.78654089058531
214,10.25,7,5.499999999999989,0.0006130555266281562,-0.0060157454572618155,-0.00047654140507802215,6.0033628940582275,0.6820263150094567,0.6820263150094567,-0.3610790967941284,-0.33181971311569214,-0.33181971311569214,72.93856084000137,101.94057407092409
215,10.3,7,5.9999999999999964,0.0007466430542990557,-0.005311381071805959,-0.0005498504615388805,6.014276504516602,0.6945706948466682,0.6945706948466682,-0.3510791063308716,-0.33150917291641235,-0.33150917291641235,59.40423374582083,46.61753317773483
216,10.350000000000001,7,6.5000000000000036,0.0009206848917529,-0.004656913690268988,-0.00067612627753988,6.02869725227356,0.7111462669811027,0.7111462669811027,-0.34107911586761475,-0.33004599809646606,-0.33004599809646606,45.220207033739186,26.471465081640847
217,10.4,7,6.999999999999993,0.0010947267292067383,-0.004002446308732042,-0.0008024020935408753,6.043118000030518,0.7277218391155372,0.7277218391155372,-0.3310790956020355,-0.32858285307884216,-0.32858285307884216,31.21781086241055,79.66720070066386
218,10.450000000000001,7,7.5,0.0009436513646505773,-0.0033699978375807405,-0.000622105915681459,6.058050155639648,0.7448852363674118,0.7448852363674118,-0.3298090696334839,-0.3298090696334839,-0.3298090696334839,18.623136817830478,128.79449731397892
219,10.5,7,7.999999999999989,0.000792576000094417,-0.0027375493664294616,-0.00044180973782204476,6.072982311248779,0.7620486336192853,0.7620486336192853,-0.331035315990448,-0.331035315990448,-0.331035315990448,8.64717186197213,178.1950820106022
220,10.55,7,8.499999999999996,0.0006870827346574523,-0.0023430220317095544,-0.0002838387081283156,6.096816301345825,0.7894440245354309,0.7894440245354309,-0.3313893675804138,-0.3313893675804138,-0.3313893675804138,1.0186815704593621,137.59779062329653
221,10.600000000000001,7,9.000000000000004,0.000581589469220492,-0.001948494696989662,-0.00012586767843458826,6.120650291442872,0.8168394154515757,0.8168394154515757,-0.331743448972702,-0.331743448972702,-0.331743448972702,1.01862999380013,79.384640621442
222,10.65,7,9.499999999999993,0.0009697646310087238,-0.0028532183496281375,-0.0001586781872902061,6.137024879455566,0.8356607809834093,0.8356607809834093,-0.3303201198577881,-0.3303201198577881,-0.3303201198577881,2.000166282653971,13.623910990569627
223,10.700000000000001,7,10.0,0.0013579397927969694,-0.0037579420022666454,-0.0001914886961458251,6.153399467468262,0.8544821465152431,0.8544821465152431,-0.32889682054519653,-0.32889682054519653,-0.32889682054519653,2.0000776032236343,52.02496337829205
224,10.75,7,10.49999999999999,0.0013237139792181558,-0.0038730031810700867,0.00023429209977620302,6.168375253677368,0.871695693882032,0.871695693882032,-0.329595685005188,-0.329595685005188,-0.329595685005188,2.121433064663744,87.13477877399329
225,10.8,7,10.999999999999996,0.001289488165639341,-0.003988064359873532,0.0006600728956982463,6.183351039886475,0.8889092412488211,0.8889092412488211,-0.33029454946517944,-0.33029454946517944,-0.33029454946517944,2.121484726961256,122.41573925516768
226,10.850000000000001,7,11.500000000000004,0.001604494987986984,-0.00486229755915702,0.000737711059628055,6.19236159324646,0.8992661991338617,0.8992661991338617,-0.3332906663417816,-0.3332906663417816,-0.3332906663417816,3.0518849366933614,165.02851130065602
227,10.9,7,11.999999999999993,0.0019195018103346183,-0.005736530758440482,0.0008153492235578586,6.201372146606444,0.9096231570189024,0.9096231570189024,-0.3362867832183838,-0.3362867832183838,-0.3362867832183838,3.0518754707610993,152.56529834158874
228,10.950000000000001,7,12.5,0.002091025875415653,-0.006860445719212294,0.0009146226511802524,6.212594270706177,0.9225221502369845,0.9225221502369845,-0.33553433418273926,-0.33553433418273926,-0.33553433418273926,4.180119653735448,103.69153901727546
229,11.0,7,12.99999999999999,0.0022625499404966792,-0.007984360679984068,0.001013896078802643,6.223816394805907,0.9354211434550667,0.9354211434550667,-0.33478185534477234,-0.33478185534477234,-0.33478185534477234,4.180145122082455,54.71919470177685
230,11.05,7,13.499999999999996,0.00166479375911877,-0.006415330106392514,0.000868505274411292,6.232908725738525,0.9458720985500289,0.9458720985500289,-0.33282163739204407,-0.33282163739204407,-0.33282163739204407,2.5073405875137738,18.91337178195923
231,11.100000000000001,7,14.000000000000004,0.0010670375777408474,-0.004846299532800909,0.0007231144700199358,6.242001056671143,0.9563230536449912,0.9563230536449912,-0.3308614194393158,-0.3308614194393158,-0.3308614194393158,2.507344812072241,17.36703002955481
232,11.15,7,14.499999999999993,0.0009575740259606406,-0.004410960478708154,0.0006270346639212234,6.247945547103882,0.9631558012688294,0.9631558012688294,-0.33042609691619873,-0.33042609691619873,-0.33042609691619873,2.049773656787559,52.90426534107247
233,11.200000000000001,7,15.0,0.0008481104741804302,-0.003975621424615383,0.0005309548578225076,6.253890037536621,0.9699885488926676,0.9699885488926676,-0.32999080419540405,-0.32999080419540405,-0.32999080419540405,2.0497673276994313,88.9043379952242
234,11.25,7,15.0,0.0008481104741804302,-0.003975621424615383,0.0005309548578225076,6.253890037536621,0.9699885488926676,0.9699885488926676,-0.32999080419540405,-0.32999080419540405,-0.32999080419540405,0.0,82.18815454815159
235,11.3,7,15.0,0.0008481104741804302,-0.003975621424615383,0.0005309548578225076,6.253890037536621,0.9699885488926676,0.9699885488926676,-0.32999080419540405,-0.32999080419540405,-0.32999080419540405,0.0,75.75722597880649
236,11.350000000000001,8,0.0,0.0011764985974878073,-0.004149572923779488,0.00023997337848413736,6.135919570922852,0.8343903114055763,0.8343903114055763,-0.3399907946586609,-0.35326486825942993,-0.35326486825942993,187.1087276615038,91.81130047579181
237,11.4,8,0.49999999999998934,0.0010134194162674283,-0.004316402832046148,0.0003220670114387741,6.154195308685303,0.8553969065348305,0.8553969065348305,-0.3499908149242401,-0.3555045425891876,-0.3555045425891876,176.5424210134978,122.4725249373159
238,11.450000000000001,8,0.9999999999999964,0.0008503402350470436,-0.004483232740312814,0.0004041606443934137,6.172471046447754,0.8764035016640846,0.8764035016640846,-0.3577442467212677,-0.3577442467212677,-0.3577442467212677,166.51238292419902,153.04859670604847
239,11.5,8,1.4999999999999858,0.00035520368692233705,-0.0036488205660134792,0.00033646648807916985,6.191136598587036,0.8978581592954435,0.8978581592954435,-0.35806626081466675,-0.35806626081466675,-0.35806626081466675,156.79463786682555,164.74039207722038
240,11.55,8,1.999999999999993,-0.0001399328612023894,-0.0028144083917141078,0.0002687723317649225,6.2098021507263175,0.9193128169268024,0.9193128169268024,-0.3583883047103882,-0.3583883047103882,-0.3583883047103882,147.25217685769456,176.29844605147704
241,11.600000000000001,8,2.5,-0.0006913192992215045,-0.0031270483741536736,0.00014762508635612903,6.221855640411377,0.9331674027716974,0.9331674027716974,-0.35744285583496094,-0.35744285583496094,-0.35744285583496094,137.8138004787298,174.8788927641578
242,11.65,8,2.9999999999999893,-0.0012427057372406008,-0.0034396883565932443,2.64778409473391e-05,6.2339091300964355,0.9470219886165923,0.9470219886165923,-0.3564974367618561,-0.3564974367618561,-0.3564974367618561,128.37119828473374,152.46834368936405
243,11.700000000000001,8,3.4999999999999964,-0.0010103140666615235,-0.0027249765116721444,4.2762437260534965e-05,6.240703344345093,0.9548314302817156,0.9548314302817156,-0.35557031631469727,-0.35557031631469727,-0.35557031631469727,118.49820009139422,178.67001309403008
244,11.75,8,3.999999999999986,-0.0007779223960824377,-0.0020102646667510475,5.904703357373318e-05,6.24749755859375,0.9626408719468388,0.9626408719468388,-0.35464316606521606,-0.35464316606521606,-0.35464316606521606,108.63263016497592,136.27960170905433
245,11.8,8,4.499999999999993,-0.0006467736675404031,-0.001694531762041156,4.688848639489169e-05,6.252079248428345,0.9679071821015454,0.9679071821015454,-0.3547109365463257,-0.3547109365463257,-0.3547109365463257,99.05701655664811,102.84859954180887
246,11.850000000000001,8,5.0,-0.0005156249389983714,-0.001378798857331276,3.472993921604939e-05,6.2566609382629395,0.9731734922562519,0.9731734922562519,-0.3547787070274353,-0.3547787070274353,-0.3547787070274353,89.48493373312941,69.86253767787368
247,11.9,8,5.499999999999989,-0.0005506607703864567,-0.001512762741185722,2.7796440008387584e-05,6.258354663848877,0.9751203032745709,0.9751203032745709,-0.3553768992424011,-0.3553768992424011,-0.3553768992424011,80.09927054258783,44.22771920184938
248,11.950000000000001,8,5.9999999999999964,-0.0005856966017745433,-0.0016467266250401727,2.086294080072553e-05,6.2600483894348145,0.9770671142928898,0.9770671142928898,-0.35597509145736694,-0.35597509145736694,-0.35597509145736694,70.71339978219301,19.917850681647806
249,12.0,8,6.499999999999986,-0.0003810346315731353,-0.001345914555713543,-4.165255541010815e-05,6.261548757553101,0.9787916753483912,0.9787916753483912,-0.35641032457351685,-0.35641032457351685,-0.35641032457351685,60.9631710898316,85.6527321511912
250,12.05,8,6.999999999999993,-0.0001763726613717183,-0.0010451024863868995,-0.00010416805162094444,6.263049125671387,0.9805162364038925,0.9805162364038925,-0.35684552788734436,-0.35684552788734436,-0.35684552788734436,51.21421276711332,153.05010649314553
251,12.100000000000001,8,7.5,-0.0003297321454738267,-0.0014193308888934553,-0.00028400280280038714,6.264612913131714,0.9823136932548432,0.9823136932548432,-0.3560715913772583,-0.3560715913772583,-0.3560715913772583,41.26641135108592,71.75232162376649
252,12.15,8,7.999999999999989,-0.00048309162957593473,-0.0017935592914000073,-0.0004638375539798251,6.266176700592041,0.984111150105794,0.984111150105794,-0.35529762506484985,-0.35529762506484985,-0.35529762506484985,31.313327641902042,18.169557549978954
253,12.200000000000001,8,8.499999999999996,-0.00040405555046163554,-0.0015135563444346211,-0.00045305880485102545,6.266785144805908,0.9848105112711586,0.9848105112711586,-0.35583680868148804,-0.35583680868148804,-0.35583680868148804,21.69436862934066,82.59744688557974
254,12.25,8,8.999999999999986,-0.0003250194713473343,-0.0012335533974692306,-0.00044228005572222206,6.267393589019775,0.9855098724365231,0.9855098724365231,-0.35637596249580383,-0.35637596249580383,-0.35637596249580383,12.088574815896507,152.64890597019277
255,12.3,8,9.499999999999993,-0.00045472307829186136,-0.001279370044358074,-0.0004824375937459985,6.268680095672607,0.9869886157156404,0.9869886157156404,-0.3556637763977051,-0.3556637763977051,-0.3556637763977051,2.176218805276239,179.51466496872231
256,12.350000000000001,8,10.0,-0.0005844266852363944,-0.0013251866912469268,-0.0005225951317697763,6.2699666023254395,0.9884673589947577,0.9884673589947577,-0.35495156049728394,-0.35495156049728394,-0.35495156049728394,0.7698255911633555,153.67842204196825
257,12.4,8,10.49999999999999,-0.0007322521705646036,-0.0015678436611778982,-0.000509180914377794,6.271271228790283,0.9899669296440033,0.9899669296440033,-0.354208767414093,-0.354208767414093,-0.354208767414093,1.036496536315589,115.34766718698528
258,12.450000000000001,8,10.999999999999996,-0.0008800776558928181,-0.0018105006311088783,-0.0004957666969858111,6.272575855255127,0.9914665002932491,0.9914665002932491,-0.3534659743309021,-0.3534659743309021,-0.3534659743309021,1.0365343988008882,77.24458486719182
259,12.5,8,11.499999999999986,-0.00046287386976474686,-0.001095169005566297,-0.00030612215050496703,6.27137565612793,0.9900869610665856,0.9900869610665856,-0.35352057218551636,-0.35352057218551636,-0.35352057218551636,0.1999578420012118,75.89902034234684
260,12.55,8,11.999999999999993,-4.5670083636656745e-05,-0.0003798373800236833,-0.00011647760402411492,6.270175457000732,0.988707421839922,0.988707421839922,-0.3535751402378082,-0.3535751402378082,-0.3535751402378082,0.19989816379391656,74.69272310306259
261,12.600000000000001,8,12.5,5.8401170463184826e-05,-0.00038421501812990755,-0.00022010825341567397,6.270464658737183,0.9890398376289452,0.9890398376289452,-0.3535585403442383,-0.3535585403442383,-0.3535585403442383,0.2656198270199305,45.68679385358342
262,12.65,8,12.99999999999999,0.00016247242456301825,-0.00038859265623614187,-0.0003237389028072335,6.270753860473633,0.9893722534179684,0.9893722534179684,-0.3535419702529907,-0.3535419702529907,-0.3535419702529907,0.26559841081738395,20.407229635077353
263,12.700000000000001,8,13.499999999999996,0.00046832885709590993,-0.00031516011949861476,-0.0005499005492310955,6.27060604095459,0.9892023459248156,0.9892023459248156,-0.35371512174606323,-0.35371512174606323,-0.35371512174606323,0.5612735614554321,72.31460483168978
264,12.75,8,13.999999999999986,0.0007741852896287951,-0.0002417275827610886,-0.000776062195654952,6.270458221435547,0.9890324384316628,0.9890324384316628,-0.35388827323913574,-0.35388827323913574,-0.35388827323913574,0.561218705279309,126.29292244196093
265,12.8,8,14.499999999999993,0.0008199059811886393,-0.0004182039774605048,-0.0008137676049955184,6.271874189376831,0.9906599877894607,0.9906599877894607,-0.3535858690738678,-0.3535858690738678,-0.3535858690738678,0.6759616687396887,159.97681101170028
266,12.850000000000001,8,15.0,0.0008656266727484763,-0.0005946803721599281,-0.0008514730143360794,6.273290157318115,0.9922875371472586,0.9922875371472586,-0.35328346490859985,-0.35328346490859985,-0.35328346490859985,0.6760652761035624,166.51242269670965
267,12.9,8,15.0,0.0008656266727484763,-0.0005946803721599281,-0.0008514730143360794,6.273290157318115,0.9922875371472586,0.9922875371472586,-0.35328346490859985,-0.35328346490859985,-0.35328346490859985,0.0,160.17303477809844
268,12.950000000000001,8,15.0,0.0008656266727484763,-0.0005946803721599281,-0.0008514730143360794,6.273290157318115,0.9922875371472586,0.9922875371472586,-0.35328346490859985,-0.35328346490859985,-0.35328346490859985,0.0,153.80812131522399
269,13.0,9,0.0,7.17222283128649e-05,-0.00015329984307754785,-0.0002746452810242772,6.268106937408447,0.9863298131131575,0.9863298131131575,-0.343283474445343,-0.3409182131290436,-0.3409182131290436,71.1086467964143,123.70250614681568
270,13.05,9,0.5000000000000071,-2.5516848836561178e-05,-0.00021438950352603656,-0.0005248020170256531,6.2688210010528564,0.9871505759228232,0.9871505759228232,-0.34113794565200806,-0.34113794565200806,-0.34113794565200806,59.87068831710709,123.71881316703389
271,13.100000000000001,9,1.0000000000000142,-0.00012275592598598312,-0.00027547916397452013,-0.0007749587530270126,6.269535064697266,0.987971338732489,0.987971338732489,-0.34135764837265015,-0.34135764837265015,-0.34135764837265015,49.91802677045071,123.786421460479
272,13.15,9,1.5000000000000036,-7.359754999924882e-05,-0.00015406388956762298,-0.0004498654452618188,6.269026041030884,0.9873862540584868,0.9873862540584868,-0.34138429164886475,-0.34138429164886475,-0.34138429164886475,39.928102270207724,138.73472287561205
273,13.200000000000001,9,2.0000000000000107,-2.4439174012513703e-05,-3.264861516072406e-05,-0.0001247721374966206,6.268517017364502,0.9868011693844847,0.9868011693844847,-0.34141093492507935,-0.34141093492507935,-0.34141093492507935,29.93980220488304,153.57437394781485
274,13.25,9,2.5,-1.8387945146969287e-05,-2.8403242140484508e-05,-0.0001332773972535506,6.2682905197143555,0.9865408272578796,0.9865408272578796,-0.3414013981819153,-0.3414013981819153,-0.3414013981819153,19.9269843538818,178.0863784500352
275,13.3,9,3.000000000000007,-1.2336716281424671e-05,-2.4157869120244807e-05,-0.00014178265701048017,6.268064022064209,0.9862804851312744,0.9862804851312744,-0.3413918614387512,-0.3413918614387512,-0.3413918614387512,9.914237837651424,157.69978935290257
276,13.350000000000001,9,3.500000000000014,-7.371837227765214e-06,-2.0040626623085585e-05,-0.00010016315172833737,6.268124580383301,0.9863500923945984,0.9863500923945984,-0.34136438369750977,-0.34136438369750977,-0.34136438369750977,0.030367148018072602,149.60836016201324
277,13.4,9,4.0000000000000036,-2.4069581741058995e-06,-1.5923384125926325e-05,-5.854364644619623e-05,6.268185138702393,0.9864196996579222,0.9864196996579222,-0.3413369357585907,-0.3413369357585907,-0.3413369357585907,0.030351598723813374,141.54480827667695
278,13.450000000000001,9,4.500000000000011,6.995205467319665e-06,1.2912080819660945e-05,-4.01355737267291e-05,6.268827199935913,0.9871577010757618,0.9871577010757618,-0.3413403332233429,-0.3413403332233429,-0.3413403332233429,0.024911390311900202,55.96590316261734
279,13.5,9,5.0,1.6397369108744897e-05,4.1747545765247196e-05,-2.1727501007262617e-05,6.269469261169434,0.9878957024936016,0.9878957024936016,-0.3413437306880951,-0.3413437306880951,-0.3413437306880951,0.024911390311900202,31.157448304024037
280,13.55,9,5.500000000000007,9.427983854948152e-06,3.3320570764772006e-05,-2.934275471488956e-05,6.26973819732666,0.9882048245134022,0.9882048245134022,-0.34134650230407715,-0.34134650230407715,-0.34134650230407715,0.022303230571279847,15.411110978599261
281,13.600000000000001,9,6.000000000000014,2.45859860115154e-06,2.4893595764296793e-05,-3.695800842251577e-05,6.270007133483887,0.9885139465332028,0.9885139465332028,-0.3413492739200592,-0.3413492739200592,-0.3413492739200592,0.022303230571279847,2.4376822422411215
282,13.65,9,6.5000000000000036,1.0230371572104705e-07,1.542446761959575e-05,-1.8931401569943644e-05,6.26984977722168,0.9883330772662982,0.9883330772662982,-0.34134641289711,-0.34134641289711,-0.34134641289711,0.0032186508178710938,49.694373678237305
283,13.700000000000001,9,7.000000000000011,-2.2539911697094053e-06,5.9553394748947355e-06,-9.047947173710502e-07,6.269692420959473,0.9881522079993936,0.9881522079993936,-0.34134355187416077,-0.34134355187416077,-0.34134355187416077,0.0032186508178710938,92.64934537483876
284,13.75,9,7.5,1.2146788321842905e-06,1.3625350675283698e-05,8.942255448118885e-06,6.2692461013793945,0.9876391969878096,0.9876391969878096,-0.34134185314178467,-0.34134185314178467,-0.34134185314178467,0.014406117118753052,127.95085506417858
285,13.8,9,8.000000000000007,4.683348834078099e-06,2.129536187567265e-05,1.878930561360906e-05,6.268799781799316,0.9871261859762255,0.9871261859762255,-0.34134015440940857,-0.34134015440940857,-0.34134015440940857,0.014346932096691764,163.1004691674702
286,13.850000000000001,9,8.500000000000014,7.34965010451568e-06,9.093017411032286e-06,2.0803721781703698e-05,6.269347906112671,0.9877562139226099,0.9877562139226099,-0.34134507179260254,-0.34134507179260254,-0.34134507179260254,0.012546919303149625,177.22203347863024
287,13.9,9,9.000000000000004,1.0015951374953096e-05,-3.1093270536075994e-06,2.2818137949798236e-05,6.269896030426025,0.9883862418689944,0.9883862418689944,-0.3413499593734741,-0.3413499593734741,-0.3413499593734741,0.012526763767188209,143.7808272485872
288,13.950000000000001,9,9.50000000000001,2.764532837318102e-06,-8.953060955718809e-06,2.0002297787868822e-05,6.269787549972534,0.9882615516925677,0.9882615516925677,-0.3413553833961487,-0.3413553833961487,-0.3413553833961487,0.011548851758054928,55.180469836536474
289,14.0,9,10.0,-4.486885700316634e-06,-1.479679485782981e-05,1.718645762593951e-05,6.269679069519043,0.9881368615161411,0.9881368615161411,-0.34136080741882324,-0.34136080741882324,-0.34136080741882324,0.01158923382398737,34.52648435083391
290,14.05,9,10.500000000000007,3.640552222350495e-06,-2.294499154231566e-06,2.7888228032679915e-05,6.270303964614868,0.9888551317412275,0.9888551317412275,-0.3413451313972473,-0.3413451313972473,-0.3413451313972473,0.020740874825118574,23.22879873854026
291,14.100000000000001,9,11.000000000000014,1.1767990145017344e-05,1.020779654936641e-05,3.858999843941949e-05,6.270928859710693,0.9895734019663139,0.9895734019663139,-0.341329425573349,-0.341329425573349,-0.341329425573349,0.020840945381808678,13.554467162642526
292,14.15,9,11.500000000000004,1.004622572509105e-05,1.3319494883035097e-05,2.0153304717496083e-05,6.270646810531616,0.9892492075076046,0.9892492075076046,-0.341325581073761,-0.341325581073761,-0.341325581073761,0.009281737023620796,39.361454793715765
293,14.200000000000001,9,12.00000000000001,8.324461305164695e-06,1.643119321670377e-05,1.7166109955726129e-06,6.270364761352539,0.9889250130488952,0.9889250130488952,-0.3413217067718506,-0.3413217067718506,-0.3413217067718506,0.009233527108524372,63.9995104477336
294,14.25,9,12.5,6.5540089053683914e-06,1.3565124390879646e-05,1.1244868687754206e-05,6.270434617996216,0.9890053080416271,0.9890053080416271,-0.34131571650505066,-0.34131571650505066,-0.34131571650505066,0.011944189326376763,50.52954532773375
